Name,Base Model BA,Grid Model BA,BA Difference,Base Model F1,Grid Model F1,F1 Difference
XGBoost,0.8630852842809364,0.8857998885172798,2.63%,0.8854961832061069,0.9113487053205794,2.92%
