Name,Base Model BA,Grid Model BA,BA Difference,Base Model F1,Grid Model F1,F1 Difference
XGBoost,0.8938679245283019,0.8844339622641509,-1.06%,0.9423250017309422,0.9487235329703568,0.68%
